{
	"ambientocclusion": false,
	"textures": {
		"particle": "block/large_fern_bottom",
		"cross": "block/large_fern_bottom",
		"extra": "block/extra/large_fern_bottom_extra",
		"small": "block/fern"
	},
	"elements": [
		{
			"from": [0.8, 0, 8],
			"to": [15.2, 14, 8],
			"shade": false,
			"rotation": {"angle": 45, "axis": "y", "origin": [8, 8, 8], "rescale": true},
			"faces": {
				"north": {"uv": [0, 0, 16, 16], "texture": "#cross", "tintindex": 0},
				"south": {"uv": [16, 0, 0, 16], "texture": "#cross", "tintindex": 0}
			}
		},
		{
			"from": [8, 0, 0.8],
			"to": [8, 14, 15.2],
			"shade": false,
			"rotation": {"angle": 45, "axis": "y", "origin": [8, 8, 8], "rescale": true},
			"faces": {
				"east": {"uv": [0, 0, 16, 16], "texture": "#cross", "tintindex": 0},
				"west": {"uv": [16, 0, 0, 16], "texture": "#cross", "tintindex": 0}
			}
		},
		{
			"from": [-0.75, -1.5, 2],
			"to": [16.75, 13, 2],
			"shade": false,
			"rotation": {"angle": -22.5, "axis": "x", "origin": [8, 13, 2]},
			"faces": {
				"north": {"uv": [16, 0, 0, 16], "texture": "#extra", "tintindex": 0},
				"south": {"uv": [0, 0, 16, 16], "texture": "#extra", "tintindex": 0}
			}
		},
		{
			"from": [-0.75, -1.5, 14],
			"to": [16.75, 13, 14],
			"shade": false,
			"rotation": {"angle": 22.5, "axis": "x", "origin": [8, 13, 14]},
			"faces": {
				"north": {"uv": [0, 0, 16, 16], "texture": "#extra", "tintindex": 0},
				"south": {"uv": [16, 0, 0, 16], "texture": "#extra", "tintindex": 0}
			}
		},
		{
			"from": [2, -1.5, -0.75],
			"to": [2, 13, 16.75],
			"shade": false,
			"rotation": {"angle": 22.5, "axis": "z", "origin": [2, 13, 8]},
			"faces": {
				"east": {"uv": [0, 0, 16, 16], "texture": "#extra", "tintindex": 0},
				"west": {"uv": [16, 0, 0, 16], "texture": "#extra", "tintindex": 0}
			}
		},
		{
			"from": [14, -1.5, -0.75],
			"to": [14, 13, 16.75],
			"shade": false,
			"rotation": {"angle": -22.5, "axis": "z", "origin": [14, 13, 8]},
			"faces": {
				"east": {"uv": [16, 0, 0, 16], "texture": "#extra", "tintindex": 0},
				"west": {"uv": [0, 0, 16, 16], "texture": "#extra", "tintindex": 0}
			}
		},
		{
			"from": [-4, 0, 7],
			"to": [20, 24, 7],
			"shade": false,
			"rotation": {"angle": -45, "axis": "x", "origin": [8, 0, 7]},
			"faces": {
				"north": {"uv": [0, 0, 16, 16], "texture": "#small", "tintindex": 0},
				"south": {"uv": [16, 0, 0, 16], "texture": "#small", "tintindex": 0}
			}
		},
		{
			"from": [-4, 0, 9],
			"to": [20, 24, 9],
			"shade": false,
			"rotation": {"angle": 45, "axis": "x", "origin": [8, 0, 9]},
			"faces": {
				"north": {"uv": [16, 0, 0, 16], "texture": "#small", "tintindex": 0},
				"south": {"uv": [0, 0, 16, 16], "texture": "#small", "tintindex": 0}
			}
		},
		{
			"from": [7, 0, -4],
			"to": [7, 24, 20],
			"shade": false,
			"rotation": {"angle": 45, "axis": "z", "origin": [7, 0, 8]},
			"faces": {
				"east": {"uv": [16, 0, 0, 16], "texture": "#small", "tintindex": 0},
				"west": {"uv": [0, 0, 16, 16], "texture": "#small", "tintindex": 0}
			}
		},
		{
			"from": [9, 0, -4],
			"to": [9, 24, 20],
			"shade": false,
			"rotation": {"angle": -45, "axis": "z", "origin": [9, 0, 8]},
			"faces": {
				"east": {"uv": [0, 0, 16, 16], "texture": "#small", "tintindex": 0},
				"west": {"uv": [16, 0, 0, 16], "texture": "#small", "tintindex": 0}
			}
		}
	]
}