{
	"ambientocclusion": false,
	"textures": {
		"line": "block/redstone_dust_line0"
	},
	"elements": [
		{
			"from": [7.01, 0.99, 0],
			"to": [8.99, 16.99, 0.99],
			"shade": false,
			"faces": {
				"north": {"uv": [7, 0, 9, 16], "texture": "#line", "tintindex": 0},
				"east": {"uv": [8, 0, 9, 16], "texture": "#line", "tintindex": 0},
				"south": {"uv": [7, 0, 9, 16], "texture": "#line", "tintindex": 0},
				"west": {"uv": [7, 0, 8, 16], "texture": "#line", "tintindex": 0},
				"up": {"uv": [7, 0, 9, 1], "texture": "#line", "tintindex": 0}
			}
		}
	]
}