{
	"ambientocclusion": false,
	"textures": {
		"back": "block/sunflower_back",
		"particle": "block/sunflower_front",
		"front": "block/sunflower_front"
	},
	"elements": [
		{
			"from": [9, -6, 2],
			"to": [9, 6, 14],
			"shade": false,
			"rotation": {"angle": 22.5, "axis": "z", "origin": [8, 0, 10]},
			"faces": {
				"east": {"uv": [0, 0, 16, 16], "texture": "#front"},
				"west": {"uv": [0, 0, 16, 16], "texture": "#back"}
			}
		},
		{
			"from": [8, -1, 7],
			"to": [9, 1, 9],
			"shade": false,
			"rotation": {"angle": 22.5, "axis": "z", "origin": [8, 0, 8]},
			"faces": {
				"north": {"uv": [5.5, 6.5, 6.5, 9.5], "texture": "#back"},
				"south": {"uv": [9.5, 6.5, 10.5, 9.5], "texture": "#back"},
				"west": {"uv": [6.5, 6.5, 9.5, 9.5], "texture": "#back"},
				"up": {"uv": [6.5, 5.5, 9.5, 6.5], "rotation": 90, "texture": "#back"},
				"down": {"uv": [6.5, 9.5, 9.5, 10.5], "rotation": 270, "texture": "#back"}
			}
		}
	]
}