{
	"ambientocclusion": false,
	"textures": {
		"particle": "#cross"
	},
	"elements": [
		{
			"from": [13.5, 0, 1],
			"to": [13.5, 12, 15],
			"shade": false,
			"rotation": {"angle": 22.5, "axis": "y", "origin": [13.5, 6, 8]},
			"faces": {
				"east": {"uv": [0, 0, 16, 16], "texture": "#cross"},
				"west": {"uv": [16, 0, 0, 16], "texture": "#cross"}
			}
		},
		{
			"from": [6.5, 0, 8],
			"to": [20.5, 12, 8],
			"shade": false,
			"rotation": {"angle": 22.5, "axis": "y", "origin": [13.5, 6, 8]},
			"faces": {
				"north": {"uv": [16, 0, 0, 16], "texture": "#cross"},
				"south": {"uv": [0, 0, 16, 16], "texture": "#cross"}
			}
		},
		{
			"from": [1.5, 0, 13.5],
			"to": [11.5, 8, 13.5],
			"shade": false,
			"rotation": {"angle": -22.5, "axis": "y", "origin": [6.5, 4, 13.5]},
			"faces": {
				"north": {"uv": [16, 0, 0, 16], "texture": "#cross"},
				"south": {"uv": [0, 0, 16, 16], "texture": "#cross"}
			}
		},
		{
			"from": [6.5, 0, 8.5],
			"to": [6.5, 8, 18.5],
			"shade": false,
			"rotation": {"angle": -22.5, "axis": "y", "origin": [6.5, 4, 13.5]},
			"faces": {
				"east": {"uv": [0, 0, 16, 16], "texture": "#cross"},
				"west": {"uv": [16, 0, 0, 16], "texture": "#cross"}
			}
		},
		{
			"from": [5, 0, -5],
			"to": [5, 16, 13],
			"shade": false,
			"rotation": {"angle": -45, "axis": "y", "origin": [5, 8, 4]},
			"faces": {
				"east": {"uv": [16, 0, 0, 16], "texture": "#cross"},
				"west": {"uv": [0, 0, 16, 16], "texture": "#cross"}
			}
		},
		{
			"from": [-4, 0, 4],
			"to": [14, 16, 4],
			"shade": false,
			"rotation": {"angle": -45, "axis": "y", "origin": [5, 8, 4]},
			"faces": {
				"north": {"uv": [0, 0, 16, 16], "texture": "#cross"},
				"south": {"uv": [16, 0, 0, 16], "texture": "#cross"}
			}
		}
	]
}