{
	"textures": {
		"particle": "#texture"
	},
	"elements": [
		{
			"name": "Left-hand post",
			"from": [0, 5, 7],
			"to": [2, 16, 9],
			"faces": {
				"north": {"uv": [14, 0, 16, 11], "texture": "#texture"},
				"east": {"uv": [7, 0, 9, 11], "texture": "#texture"},
				"south": {"uv": [0, 0, 2, 11], "texture": "#texture"},
				"west": {"uv": [7, 0, 9, 11], "texture": "#texture", "cullface": "west"},
				"up": {"uv": [0, 7, 2, 9], "texture": "#texture"},
				"down": {"uv": [0, 7, 2, 9], "texture": "#texture"}
			}
		},
		{
			"name": "Right-hand post",
			"from": [14, 5, 7],
			"to": [16, 16, 9],
			"faces": {
				"north": {"uv": [0, 0, 2, 11], "texture": "#texture"},
				"east": {"uv": [7, 0, 9, 11], "texture": "#texture", "cullface": "east"},
				"south": {"uv": [14, 0, 16, 11], "texture": "#texture"},
				"west": {"uv": [7, 0, 9, 11], "texture": "#texture"},
				"up": {"uv": [14, 7, 16, 9], "texture": "#texture"},
				"down": {"uv": [14, 7, 16, 9], "texture": "#texture"}
			}
		},
		{
			"name": "Inner vertical post of left-hand gate door",
			"from": [0, 6, 13],
			"to": [2, 15, 15],
			"faces": {
				"north": {"uv": [14, 1, 16, 10], "texture": "#texture"},
				"east": {"uv": [1, 1, 3, 10], "texture": "#texture"},
				"south": {"uv": [0, 1, 2, 10], "texture": "#texture"},
				"west": {"uv": [13, 1, 15, 10], "texture": "#texture"},
				"up": {"uv": [0, 13, 2, 15], "texture": "#texture"},
				"down": {"uv": [0, 1, 2, 3], "texture": "#texture"}
			}
		},
		{
			"name": "Inner vertical post of right-hand gate door",
			"from": [14, 6, 13],
			"to": [16, 15, 15],
			"faces": {
				"north": {"uv": [0, 1, 2, 10], "texture": "#texture"},
				"east": {"uv": [1, 1, 3, 10], "texture": "#texture"},
				"south": {"uv": [14, 1, 16, 10], "texture": "#texture"},
				"west": {"uv": [13, 1, 15, 10], "texture": "#texture"},
				"up": {"uv": [14, 13, 16, 15], "texture": "#texture"},
				"down": {"uv": [14, 1, 16, 3], "texture": "#texture"}
			}
		},
		{
			"name": "Lower horizontal bar of left-hand gate door",
			"from": [0, 6, 9],
			"to": [2, 9, 13],
			"faces": {
				"east": {"uv": [3, 7, 7, 10], "texture": "#texture"},
				"west": {"uv": [9, 7, 13, 10], "texture": "#texture"},
				"up": {"uv": [0, 9, 2, 13], "texture": "#texture"},
				"down": {"uv": [0, 3, 2, 7], "texture": "#texture"}
			}
		},
		{
			"name": "Upper horizontal bar of left-hand gate door",
			"from": [0, 12, 9],
			"to": [2, 15, 13],
			"faces": {
				"east": {"uv": [3, 1, 7, 4], "texture": "#texture"},
				"west": {"uv": [9, 1, 13, 4], "texture": "#texture"},
				"up": {"uv": [0, 9, 2, 13], "texture": "#texture"},
				"down": {"uv": [0, 3, 2, 7], "texture": "#texture"}
			}
		},
		{
			"name": "Lower horizontal bar of left-hand gate door",
			"from": [14, 6, 9],
			"to": [16, 9, 13],
			"faces": {
				"east": {"uv": [3, 7, 7, 10], "texture": "#texture"},
				"west": {"uv": [9, 7, 13, 10], "texture": "#texture"},
				"up": {"uv": [14, 9, 16, 13], "texture": "#texture"},
				"down": {"uv": [14, 3, 16, 7], "texture": "#texture"}
			}
		},
		{
			"name": "Upper horizontal bar of left-hand gate door",
			"from": [14, 12, 9],
			"to": [16, 15, 13],
			"faces": {
				"east": {"uv": [3, 1, 7, 4], "texture": "#texture"},
				"west": {"uv": [9, 1, 13, 4], "texture": "#texture"},
				"up": {"uv": [14, 9, 16, 13], "texture": "#texture"},
				"down": {"uv": [14, 3, 16, 7], "texture": "#texture"}
			}
		}
	]
}