{
	"ambientocclusion": false,
	"textures": {
		"particle": "#cross"
	},
	"elements": [
		{
			"from": [11.5, 0, 6],
			"to": [11.5, 10, 18],
			"shade": false,
			"rotation": {"angle": 22.5, "axis": "y", "origin": [11.5, 5, 12]},
			"faces": {
				"east": {"uv": [0, 0, 16, 16], "texture": "#cross"},
				"west": {"uv": [16, 0, 0, 16], "texture": "#cross"}
			}
		},
		{
			"from": [5.5, 0, 12],
			"to": [17.5, 10, 12],
			"shade": false,
			"rotation": {"angle": 22.5, "axis": "y", "origin": [11.5, 5, 12]},
			"faces": {
				"north": {"uv": [16, 0, 0, 16], "texture": "#cross"},
				"south": {"uv": [0, 0, 16, 16], "texture": "#cross"}
			}
		},
		{
			"from": [5, 0, -2],
			"to": [5, 16, 16],
			"shade": false,
			"rotation": {"angle": -45, "axis": "y", "origin": [5, 8, 7]},
			"faces": {
				"east": {"uv": [16, 0, 0, 16], "texture": "#cross"},
				"west": {"uv": [0, 0, 16, 16], "texture": "#cross"}
			}
		},
		{
			"from": [-4, 0, 7],
			"to": [14, 16, 7],
			"shade": false,
			"rotation": {"angle": -45, "axis": "y", "origin": [5, 8, 7]},
			"faces": {
				"north": {"uv": [0, 0, 16, 16], "texture": "#cross"},
				"south": {"uv": [16, 0, 0, 16], "texture": "#cross"}
			}
		}
	]
}