{
	"ambientocclusion": false,
	"textures": {
		"particle": "#texture"
	},
	"elements": [
		{
			"name": "Left-hand post",
			"from": [0, 2, 7],
			"to": [2, 13, 9],
			"faces": {
				"north": {"uv": [14, 3, 16, 14], "texture": "#texture"},
				"east": {"uv": [7, 3, 9, 14], "texture": "#texture"},
				"south": {"uv": [0, 3, 2, 14], "texture": "#texture"},
				"west": {"uv": [7, 3, 9, 14], "texture": "#texture", "cullface": "west"},
				"up": {"uv": [0, 7, 2, 9], "texture": "#texture"},
				"down": {"uv": [0, 7, 2, 9], "texture": "#texture"}
			}
		},
		{
			"name": "Right-hand post",
			"from": [14, 2, 7],
			"to": [16, 13, 9],
			"faces": {
				"north": {"uv": [0, 3, 2, 14], "texture": "#texture"},
				"east": {"uv": [7, 3, 9, 14], "texture": "#texture", "cullface": "east"},
				"south": {"uv": [14, 3, 16, 14], "texture": "#texture"},
				"west": {"uv": [7, 3, 9, 14], "texture": "#texture"},
				"up": {"uv": [14, 7, 16, 9], "texture": "#texture"},
				"down": {"uv": [14, 7, 16, 9], "texture": "#texture"}
			}
		},
		{
			"name": "Inner vertical post of left-hand gate door",
			"from": [0, 3, 13],
			"to": [2, 12, 15],
			"faces": {
				"north": {"uv": [14, 4, 16, 13], "texture": "#texture"},
				"east": {"uv": [1, 4, 3, 13], "texture": "#texture"},
				"south": {"uv": [0, 4, 2, 13], "texture": "#texture"},
				"west": {"uv": [13, 4, 15, 13], "texture": "#texture"},
				"up": {"uv": [0, 13, 2, 15], "texture": "#texture"},
				"down": {"uv": [0, 1, 2, 3], "texture": "#texture"}
			}
		},
		{
			"name": "Inner vertical post of right-hand gate door",
			"from": [14, 3, 13],
			"to": [16, 12, 15],
			"faces": {
				"north": {"uv": [0, 4, 2, 13], "texture": "#texture"},
				"east": {"uv": [1, 4, 3, 13], "texture": "#texture"},
				"south": {"uv": [14, 4, 16, 13], "texture": "#texture"},
				"west": {"uv": [13, 4, 15, 13], "texture": "#texture"},
				"up": {"uv": [14, 13, 16, 15], "texture": "#texture"},
				"down": {"uv": [14, 1, 16, 3], "texture": "#texture"}
			}
		},
		{
			"name": "Lower horizontal bar of left-hand gate door",
			"from": [0, 3, 9],
			"to": [2, 6, 13],
			"faces": {
				"east": {"uv": [3, 10, 7, 13], "texture": "#texture"},
				"west": {"uv": [9, 10, 13, 13], "texture": "#texture"},
				"up": {"uv": [0, 9, 2, 13], "texture": "#texture"},
				"down": {"uv": [0, 3, 2, 7], "texture": "#texture"}
			}
		},
		{
			"name": "Upper horizontal bar of left-hand gate door",
			"from": [0, 9, 9],
			"to": [2, 12, 13],
			"faces": {
				"east": {"uv": [3, 4, 7, 7], "texture": "#texture"},
				"west": {"uv": [9, 4, 13, 7], "texture": "#texture"},
				"up": {"uv": [0, 9, 2, 13], "texture": "#texture"},
				"down": {"uv": [0, 3, 2, 7], "texture": "#texture"}
			}
		},
		{
			"name": "Lower horizontal bar of left-hand gate door",
			"from": [14, 3, 9],
			"to": [16, 6, 13],
			"faces": {
				"east": {"uv": [3, 10, 7, 13], "texture": "#texture"},
				"west": {"uv": [9, 10, 13, 13], "texture": "#texture"},
				"up": {"uv": [14, 9, 16, 13], "texture": "#texture"},
				"down": {"uv": [14, 3, 16, 7], "texture": "#texture"}
			}
		},
		{
			"name": "Upper horizontal bar of left-hand gate door",
			"from": [14, 9, 9],
			"to": [16, 12, 13],
			"faces": {
				"east": {"uv": [3, 4, 7, 7], "texture": "#texture"},
				"west": {"uv": [9, 4, 13, 7], "texture": "#texture"},
				"up": {"uv": [14, 9, 16, 13], "texture": "#texture"},
				"down": {"uv": [14, 3, 16, 7], "texture": "#texture"}
			}
		}
	]
}