{
	"ambientocclusion": false,
	"textures": {
		"particle": "block/torch",
		"torch": "block/torch"
	},
	"elements": [
		{
			"from": [7.25, 0, 7.25],
			"to": [8.75, 10, 8.75],
			"shade": false,
			"rotation": {"angle": 0, "axis": "y", "origin": [8, 10, 8]},
			"faces": {
				"north": {"uv": [7, 6, 9, 16], "texture": "#torch"},
				"east": {"uv": [7, 6, 9, 16], "texture": "#torch"},
				"south": {"uv": [7, 6, 9, 16], "texture": "#torch"},
				"west": {"uv": [7, 6, 9, 16], "texture": "#torch"},
				"up": {"uv": [7, 5.5, 9, 7.5], "texture": "#torch"},
				"down": {"uv": [7, 12, 9, 14], "texture": "#torch"}
			}
		},
		{
			"from": [7, 7, 0],
			"to": [9, 16, 16],
			"shade": false,
			"rotation": {"angle": 0, "axis": "y", "origin": [8, 16, 8]},
			"faces": {
				"east": {"uv": [0, 0, 16, 9], "texture": "#torch"},
				"west": {"uv": [0, 0, 16, 9], "texture": "#torch"}
			}
		},
		{
			"from": [0, 7, 7],
			"to": [16, 16, 9],
			"shade": false,
			"rotation": {"angle": 0, "axis": "y", "origin": [8, 16, 8]},
			"faces": {
				"north": {"uv": [0, 0, 16, 9], "texture": "#torch"},
				"south": {"uv": [0, 0, 16, 9], "texture": "#torch"},
				"down": {"uv": [0, 9, 16, 11], "texture": "#torch"}
			}
		}
	]
}