{
	"ambientocclusion": false,
	"textures": {
		"particle": "block/vine",
		"vine": "block/vine",
		"extra": "block/extra/vine_extra"
	},
	"elements": [
		{
			"from": [-1, 15.2, -1],
			"to": [17, 15.2, 17],
			"shade": false,
			"faces": {
				"up": {"uv": [16, 0, 0, 16], "texture": "#vine", "tintindex": 0},
				"down": {"uv": [0, 0, 16, 16], "texture": "#vine", "tintindex": 0}
			}
		},
		{
			"from": [-1, 0, 15.2],
			"to": [17, 16, 15.2],
			"shade": false,
			"faces": {
				"north": {"uv": [0, 0, 16, 16], "texture": "#vine", "tintindex": 0},
				"south": {"uv": [16, 0, 0, 16], "texture": "#vine", "tintindex": 0}
			}
		},
		{
			"from": [9.5, 10, 15.2],
			"to": [15.5, 16, 15.2],
			"shade": false,
			"rotation": {"angle": 22.5, "axis": "x", "origin": [12, 16, 15.2]},
			"faces": {
				"north": {"uv": [0, 0, 8, 8], "texture": "#extra", "tintindex": 0},
				"south": {"uv": [8, 0, 0, 8], "texture": "#extra", "tintindex": 0}
			}
		},
		{
			"from": [0.5, 7, 15.2],
			"to": [6.5, 13, 15.2],
			"shade": false,
			"rotation": {"angle": 22.5, "axis": "x", "origin": [4, 13, 15.2]},
			"faces": {
				"north": {"uv": [8, 0, 16, 8], "texture": "#extra", "tintindex": 0},
				"south": {"uv": [16, 0, 8, 8], "texture": "#extra", "tintindex": 0}
			}
		},
		{
			"from": [9.5, 2, 15.2],
			"to": [15.5, 8, 15.2],
			"shade": false,
			"rotation": {"angle": 22.5, "axis": "x", "origin": [12, 8, 15.2]},
			"faces": {
				"north": {"uv": [0, 8, 8, 16], "texture": "#extra", "tintindex": 0},
				"south": {"uv": [8, 8, 0, 16], "texture": "#extra", "tintindex": 0}
			}
		},
		{
			"from": [0.5, -1, 15.2],
			"to": [6.5, 5, 15.2],
			"shade": false,
			"rotation": {"angle": 22.5, "axis": "x", "origin": [4, 5, 15.2]},
			"faces": {
				"north": {"uv": [8, 8, 16, 16], "texture": "#extra", "tintindex": 0},
				"south": {"uv": [16, 8, 8, 16], "texture": "#extra", "tintindex": 0}
			}
		},
		{
			"from": [0, -4, 15.2],
			"to": [16, 2, 15.2],
			"shade": false,
			"rotation": {"angle": 22.5, "axis": "x", "origin": [8, 2, 15.2]},
			"faces": {
				"north": {"uv": [16, 0, 0, 8], "texture": "#extra", "cullface": "down", "tintindex": 0},
				"south": {"uv": [0, 0, 16, 8], "texture": "#extra", "cullface": "down", "tintindex": 0}
			}
		}
	]
}