{
	"textures": {
		"all": "block/bamboo_stalk",
		"extra1": "block/extra/bamboo_leaves_extra1",
		"extra2": "block/extra/bamboo_leaves_extra2"
	},
	"elements": [
		{
			"from": [7, 0, 7],
			"to": [9, 16, 9],
			"shade": false,
			"faces": {
				"north": {"uv": [0, 0, 3, 16], "texture": "#all"},
				"east": {"uv": [9, 0, 12, 16], "texture": "#all"},
				"south": {"uv": [6, 0, 9, 16], "texture": "#all"},
				"west": {"uv": [3, 0, 6, 16], "texture": "#all"},
				"up": {"uv": [0, 0, 3, 3], "texture": "#all", "cullface": "up"},
				"down": {"uv": [13.5, 4.5, 15.5, 6.5], "texture": "#all", "cullface": "down"}
			}
		},
		{
			"from": [2, 16, -1],
			"to": [14, 16, 7],
			"shade": false,
			"rotation": {"angle": -45, "axis": "x", "origin": [8, 16, 7]},
			"faces": {
				"up": {"uv": [0, 0, 16, 16], "rotation": 180, "texture": "#extra1", "tintindex": 0},
				"down": {"uv": [16, 0, 0, 16], "texture": "#extra1", "tintindex": 0}
			}
		},
		{
			"from": [2, 8, 9],
			"to": [14, 16, 9],
			"shade": false,
			"rotation": {"angle": -45, "axis": "x", "origin": [8, 16, 9]},
			"faces": {
				"north": {"uv": [16, 0, 0, 16], "texture": "#extra2", "tintindex": 0},
				"south": {"uv": [0, 0, 16, 16], "texture": "#extra2", "tintindex": 0}
			}
		},
		{
			"from": [7, 0, 2],
			"to": [7, 8, 14],
			"shade": false,
			"rotation": {"angle": -45, "axis": "z", "origin": [7, 8, 8]},
			"faces": {
				"east": {"uv": [16, 0, 0, 16], "texture": "#extra1", "tintindex": 0},
				"west": {"uv": [0, 0, 16, 16], "texture": "#extra1", "tintindex": 0}
			}
		},
		{
			"from": [9, 8, 2],
			"to": [17, 8, 14],
			"shade": false,
			"rotation": {"angle": -45, "axis": "z", "origin": [9, 8, 8]},
			"faces": {
				"up": {"uv": [0, 0, 16, 16], "rotation": 270, "texture": "#extra2", "tintindex": 0},
				"down": {"uv": [16, 0, 0, 16], "rotation": 270, "texture": "#extra2", "tintindex": 0}
			}
		}
	],
	"display": {
		"thirdperson_righthand": {
			"scale": [0.5, 0.5, 0.5]
		},
		"thirdperson_lefthand": {
			"scale": [0.5, 0.5, 0.5]
		},
		"firstperson_righthand": {
			"scale": [0.5, 0.5, 0.5]
		},
		"firstperson_lefthand": {
			"scale": [0.5, 0.5, 0.5]
		},
		"ground": {
			"rotation": [45, 45, 0],
			"scale": [0.5, 0.5, 0.5]
		},
		"gui": {
			"rotation": [30, -155, 53]
		},
		"fixed": {
			"rotation": [-30, -155, -53],
			"scale": [1.2, 1.2, 1.2]
		}
	}
}