{
    "parent": "item/generated",
    "textures": {
        "layer0": "item/compass_16"
    },
    "overrides": [
        { "predicate": { "angle": 0.000000 }, "model": "item/compass" },
        { "predicate": { "angle": 0.046875 }, "model": "item/compass_18" },
        { "predicate": { "angle": 0.109375 }, "model": "item/compass_20" },
        { "predicate": { "angle": 0.171875 }, "model": "item/compass_22" },
        { "predicate": { "angle": 0.234375 }, "model": "item/compass_24" },
        { "predicate": { "angle": 0.296875 }, "model": "item/compass_26" },
        { "predicate": { "angle": 0.359375 }, "model": "item/compass_28" },
        { "predicate": { "angle": 0.421875 }, "model": "item/compass_30" },
        { "predicate": { "angle": 0.484375 }, "model": "item/compass_00" },
        { "predicate": { "angle": 0.546875 }, "model": "item/compass_02" },
        { "predicate": { "angle": 0.609375 }, "model": "item/compass_04" },
        { "predicate": { "angle": 0.671875 }, "model": "item/compass_06" },
        { "predicate": { "angle": 0.734375 }, "model": "item/compass_08" },
        { "predicate": { "angle": 0.796875 }, "model": "item/compass_10" },
        { "predicate": { "angle": 0.859375 }, "model": "item/compass_12" },
        { "predicate": { "angle": 0.921875 }, "model": "item/compass_14" },
        { "predicate": { "angle": 0.984375 }, "model": "item/compass" }
    ]
}
